<?xml version="1.0" encoding="UTF-8"?>
<actions>
        <action>
            <actionName>CUSTOM-Compilar</actionName>
            <displayName>Compilar</displayName>
            <goals>
                <goal>compile</goal>
            </goals>
        </action>
        <action>
            <actionName>CUSTOM-depurar</actionName>
            <displayName>depurar</displayName>
            <goals>
                <goal>test-compile</goal>
                <goal>surefire:test</goal>
            </goals>
            <properties>
                <test>${packageClassName}</test>
                <forkMode>once</forkMode>
                <maven.surefire.debug>-Xdebug -Xrunjdwp:transport=dt_socket,server=n,address=${jpda.address}</maven.surefire.debug>
                <jpda.listen>true</jpda.listen>
            </properties>
        </action>
        
    </actions>
