<?xml version="1.0" encoding="UTF-8"?>
<actions>
        <action>
            <actionName>CUSTOM-package</actionName>
            <displayName>package</displayName>
            <goals>
                <goal>package</goal>
            </goals>
        </action>
        <action>
            <actionName>CUSTOM-verify</actionName>
            <displayName>verify</displayName>
            <goals>
                <goal>verify</goal>
            </goals>
        </action>
        <action>
            <actionName>CUSTOM-verify --debug</actionName>
            <displayName>verify --debug</displayName>
            <goals>
                <goal>verify</goal>
                <goal>--debug</goal>
                
                
            </goals>
        </action>
        
    </actions>
